WKT,nama,deskripsi
"POLYGON ((106.7756307 -6.3961102, 106.7786348 -6.398072, 106.7800939 -6.3997779, 106.7833554 -6.4035309, 106.7873037 -6.4036162, 106.7897927 -6.4078809, 106.7929685 -6.4141074, 106.7958867 -6.4199073, 106.7976033 -6.4153868, 106.798805 -6.4129133, 106.8016374 -6.4087339, 106.8017232 -6.4074545, 106.8030965 -6.4079662, 106.8041265 -6.4074545, 106.8050706 -6.4054074, 106.8057572 -6.4044691, 106.8055856 -6.4033603, 106.8078172 -6.4030191, 106.8085897 -6.4011426, 106.8121087 -6.3994367, 106.8137395 -6.3990955, 106.807388 -6.3973896, 106.8025815 -6.3955131, 106.8024099 -6.3943189, 106.8007791 -6.3948307, 106.7991483 -6.3951719, 106.7939984 -6.3945748, 106.7909944 -6.3941483, 106.7886769 -6.3941483, 106.7878186 -6.3938071, 106.7842137 -6.3950866, 106.7788922 -6.3960249, 106.7756307 -6.3961102))",Kota Administrasi Kota Depok,Kota Depok adalah sebuah kota yang terletak di Provinsi Jawa Barat, Indonesia. Kota Depok merupakan bagian dari kawasan metropolitan Jabodetabekpunjur dan berada di bagian selatan Daerah Khusus Ibukota Jakarta. 
